X,Y,Z
3.46,0.09,5.19
2.16,9.88,5.05
1.15,7.92,5.25
0.98,5.39,4.87
6.76,7.95,4.21
6.58,2.16,8.09
6.69,8.91,4.13
9.81,9.85,7.93
4.58,4.51,2.25
0.00,0.19,4.86
3.35,8.96,5.22
2.09,2.14,0.89
8.91,0.02,8.26
2.05,2.16,5.02
0.06,5.66,5.09
3.19,5.54,0.99
10.08,4.51,4.11
3.20,9.81,0.89
10.12,2.34,8.33
9.86,5.49,4.08
10.13,0.10,4.31
7.60,3.27,8.06
4.54,6.73,6.23
7.69,6.50,4.08
7.97,9.06,4.20
4.43,4.41,5.94
